-- UserAccount
INSERT INTO MUSICO.USERACCOUNT (USERACCOUNTID, USERNAME, PASSWORD, EMAIL, DATECREATED, DISPLAYNAME) VALUES (1, 'peruginni', 'heslo', 'ondra@macoszek.cz', '2010-01-13', 'Ondřej Macoszek');

-- UserRole
INSERT INTO MUSICO.USERROLE (USERROLEID, USERNAME, ROLENAME) VALUES (1, 'peruginni', 'member');

-- Genres
INSERT INTO MUSICO.GENRE (GENREID, "NAME") VALUES (2, 'Pop');
INSERT INTO MUSICO.GENRE (GENREID, "NAME") VALUES (3, 'Rock');
INSERT INTO MUSICO.GENRE (GENREID, "NAME") VALUES (4, 'Folk');
INSERT INTO MUSICO.GENRE (GENREID, "NAME") VALUES (5, 'Ska');
INSERT INTO MUSICO.GENRE (GENREID, "NAME") VALUES (6, 'Acoustic Disco');
INSERT INTO MUSICO.GENRE (GENREID, "NAME") VALUES (7, 'Skate Folk');
INSERT INTO MUSICO.GENRE (GENREID, "NAME") VALUES (8, 'Indie Klezmer');
INSERT INTO MUSICO.GENRE (GENREID, "NAME") VALUES (9, 'Garage Opera');
INSERT INTO MUSICO.GENRE (GENREID, "NAME") VALUES (10, 'Instrumental Hip Hop');

-- Band
INSERT INTO MUSICO.BAND (BANDID, DATEFOUNDATION, DATECREATED, WEBSITE, "NAME", COUNTRY, PREFERREDGENRE) VALUES (15, '1973-04-01', '2010-01-13 23:07:03.074', 'www.acdc.com', 'AC/DC', 'Australia', 3);
INSERT INTO MUSICO.BAND (BANDID, DATEFOUNDATION, DATECREATED, WEBSITE, "NAME", COUNTRY, PREFERREDGENRE) VALUES (16, '1981-08-03', '2010-01-13 23:16:40.428', 'www.altan.ie', 'Altan', 'Ireland', 4);
INSERT INTO MUSICO.BAND (BANDID, DATEFOUNDATION, DATECREATED, WEBSITE, "NAME", COUNTRY, PREFERREDGENRE) VALUES (17, '1988-02-02', '2010-01-13 23:17:46.296', 'www.persianajones.com', 'Persiana Jones', 'Italy', 5);
INSERT INTO MUSICO.BAND (BANDID, DATEFOUNDATION, DATECREATED, WEBSITE, "NAME", COUNTRY, PREFERREDGENRE) VALUES (18, '1996-04-14', '2010-01-13 23:19:44.23', 'www.subways.com', 'The Subways', 'Great Britain', 3);

-- Musician
INSERT INTO MUSICO.MUSICIAN (MUSICIANID, ARTNAME, BIOGRAPHY, SECONDNAME, FIRSTNAME) VALUES (3, '', '', 'Young', 'Angus');
INSERT INTO MUSICO.MUSICIAN (MUSICIANID, ARTNAME, BIOGRAPHY, SECONDNAME, FIRSTNAME) VALUES (4, '', '', 'Williams', 'Cliff');
INSERT INTO MUSICO.MUSICIAN (MUSICIANID, ARTNAME, BIOGRAPHY, SECONDNAME, FIRSTNAME) VALUES (5, '', '', 'Johnson', 'Brian');
INSERT INTO MUSICO.MUSICIAN (MUSICIANID, ARTNAME, BIOGRAPHY, SECONDNAME, FIRSTNAME) VALUES (6, '', '', 'Rudd', 'Phill');
INSERT INTO MUSICO.MUSICIAN (MUSICIANID, ARTNAME, BIOGRAPHY, SECONDNAME, FIRSTNAME) VALUES (9, '', '', 'Lunn', 'Billy');
INSERT INTO MUSICO.MUSICIAN (MUSICIANID, ARTNAME, BIOGRAPHY, SECONDNAME, FIRSTNAME) VALUES (10, '', '', 'Cooper', 'Charlotte');
INSERT INTO MUSICO.MUSICIAN (MUSICIANID, ARTNAME, BIOGRAPHY, SECONDNAME, FIRSTNAME) VALUES (11, '', '', 'Morgan', 'Josh');
INSERT INTO MUSICO.MUSICIAN (MUSICIANID, ARTNAME, BIOGRAPHY, SECONDNAME, FIRSTNAME) VALUES (12, '', '', 'Ní Mhaonaigh', 'Mairéad');


-- BandMusician
INSERT INTO MUSICO.BANDMUSICIAN (MUSICIANID, BANDID) VALUES (3, 15);
INSERT INTO MUSICO.BANDMUSICIAN (MUSICIANID, BANDID) VALUES (4, 15);
INSERT INTO MUSICO.BANDMUSICIAN (MUSICIANID, BANDID) VALUES (5, 15);
INSERT INTO MUSICO.BANDMUSICIAN (MUSICIANID, BANDID) VALUES (6, 15);
INSERT INTO MUSICO.BANDMUSICIAN (MUSICIANID, BANDID) VALUES (9, 18);
INSERT INTO MUSICO.BANDMUSICIAN (MUSICIANID, BANDID) VALUES (10, 18);
INSERT INTO MUSICO.BANDMUSICIAN (MUSICIANID, BANDID) VALUES (11, 18);
INSERT INTO MUSICO.BANDMUSICIAN (MUSICIANID, BANDID) VALUES (12, 16);

-- Event
INSERT INTO MUSICO.EVENT (EVENTID, DATEEND, PLACE, DATESTART, "NAME", BAND) VALUES (7, '2010-01-13 23:00:00.0', 'Praha', '2010-01-13 19:00:00.0', 'AC/DC v Praze', 15);
INSERT INTO MUSICO.EVENT (EVENTID, DATEEND, PLACE, DATESTART, "NAME", BAND) VALUES (8, '2010-02-13 23:00:00.0', 'Dublin', '2010-02-13 19:00:00.0', 'Altan v Dublinu', 16);



